;Unnamed: 0.4;Unnamed: 0.3;Unnamed: 0.2;Unnamed: 0.1;Unnamed: 0;AdaptationMode;Problem;Instance;TryNr;RDMSeed;MinValue
0;0.0;0.0;0.0;0.0;0.0;rl;CEC;f24;0;124;2927.375343224445
1;1.0;1.0;1.0;1.0;1.0;rl;CEC;f24;1;125;2968.3325290469866
2;2.0;2.0;2.0;2.0;2.0;rl;CEC;f24;2;126;2921.287748243477
3;3.0;3.0;3.0;3.0;3.0;rl;CEC;f24;3;127;2968.7742543394847
4;4.0;4.0;4.0;4.0;4.0;rl;CEC;f24;4;128;2939.853715089401
5;5.0;5.0;5.0;5.0;5.0;rl;CEC;f24;5;129;2980.904570034283
6;6.0;6.0;6.0;6.0;6.0;rl;CEC;f24;6;130;2914.898095194596
7;7.0;7.0;7.0;7.0;7.0;rl;CEC;f24;7;131;2977.5561234340016
8;8.0;8.0;8.0;8.0;8.0;rl;CEC;f24;8;132;2970.119350116905
9;9.0;9.0;9.0;9.0;9.0;rl;CEC;f24;9;133;2922.5060117326416
10;10.0;10.0;10.0;10.0;10.0;rl;CEC;f24;10;134;2936.236382043201
11;11.0;11.0;11.0;11.0;11.0;rl;CEC;f24;11;135;2955.4116682049457
12;12.0;12.0;12.0;12.0;12.0;rl;CEC;f24;12;136;2945.407203276808
13;13.0;13.0;13.0;13.0;13.0;rl;CEC;f24;13;137;2962.6566971604043
14;14.0;14.0;14.0;14.0;14.0;rl;CEC;f24;14;138;2945.2588308953173
15;15.0;15.0;15.0;15.0;15.0;rl;CEC;f24;15;139;2910.057673039836
16;16.0;16.0;16.0;16.0;16.0;rl;CEC;f24;16;140;2961.166882270053
17;17.0;17.0;17.0;17.0;17.0;rl;CEC;f24;17;141;2975.986573171404
18;18.0;18.0;18.0;18.0;18.0;rl;CEC;f24;18;142;2935.504883656546
19;19.0;19.0;19.0;19.0;19.0;rl;CEC;f24;19;143;2930.538854682969
20;20.0;20.0;20.0;20.0;20.0;rl;CEC;f24;20;144;2953.9735883074136
21;21.0;21.0;21.0;21.0;21.0;rl;CEC;f24;21;145;2923.7915060665823
22;22.0;22.0;22.0;22.0;22.0;rl;CEC;f24;22;146;2939.308244309112
23;23.0;23.0;23.0;23.0;23.0;rl;CEC;f24;23;147;2959.390883015464
24;24.0;24.0;24.0;24.0;24.0;rl;CEC;f24;24;148;2940.980916851122
25;25.0;25.0;25.0;25.0;25.0;rl;CEC;f24;25;149;2978.924002364589
26;26.0;26.0;26.0;26.0;26.0;rl;CEC;f24;26;150;2939.305096878871
27;27.0;27.0;27.0;27.0;27.0;rl;CEC;f24;27;151;2955.56462067825
28;28.0;28.0;28.0;28.0;28.0;rl;CEC;f24;28;152;2968.783564510497
29;29.0;29.0;29.0;29.0;29.0;rl;CEC;f24;29;153;2947.5965186033145
30;30.0;30.0;30.0;30.0;30.0;none;CEC;f24;0;154;2913.292598405506
31;31.0;31.0;31.0;31.0;31.0;none;CEC;f24;1;155;2932.056871320002
32;32.0;32.0;32.0;32.0;32.0;none;CEC;f24;2;156;2945.777673789251
33;33.0;33.0;33.0;33.0;33.0;none;CEC;f24;3;157;2938.7031006639395
34;34.0;34.0;34.0;34.0;34.0;none;CEC;f24;4;158;2946.4396606031714
35;35.0;35.0;35.0;35.0;35.0;none;CEC;f24;5;159;2928.5219025038896
36;36.0;36.0;36.0;36.0;36.0;none;CEC;f24;6;160;2973.052031650498
37;37.0;37.0;37.0;37.0;37.0;none;CEC;f24;7;161;3024.68733980023
38;38.0;38.0;38.0;38.0;38.0;none;CEC;f24;8;162;2924.2719703045045
39;39.0;39.0;39.0;39.0;39.0;none;CEC;f24;9;163;2903.143918680145
40;40.0;40.0;40.0;40.0;40.0;none;CEC;f24;10;164;2914.384088873344
41;41.0;41.0;41.0;41.0;41.0;none;CEC;f24;11;165;2902.34321134144
42;42.0;42.0;42.0;42.0;42.0;none;CEC;f24;12;166;2957.0466716480587
43;43.0;43.0;43.0;43.0;43.0;none;CEC;f24;13;167;2956.4358531602074
44;44.0;44.0;44.0;44.0;44.0;none;CEC;f24;14;168;2913.338250232555
45;45.0;45.0;45.0;45.0;45.0;none;CEC;f24;15;169;2936.851895664162
46;46.0;46.0;46.0;46.0;46.0;none;CEC;f24;16;170;2933.1954771086507
47;47.0;47.0;47.0;47.0;47.0;none;CEC;f24;17;171;2981.29796415679
48;48.0;48.0;48.0;48.0;48.0;none;CEC;f24;18;172;2927.276657414772
49;49.0;49.0;49.0;49.0;49.0;none;CEC;f24;19;173;2939.019203187657
50;50.0;50.0;50.0;50.0;50.0;none;CEC;f24;20;174;2963.7178541049675
51;51.0;51.0;51.0;51.0;51.0;none;CEC;f24;21;175;2941.654675657423
52;52.0;52.0;52.0;52.0;52.0;none;CEC;f24;22;176;2976.021634171597
53;53.0;53.0;53.0;53.0;53.0;none;CEC;f24;23;177;2940.2507065695268
54;54.0;54.0;54.0;54.0;54.0;none;CEC;f24;24;178;2973.497417151116
55;55.0;55.0;55.0;55.0;55.0;none;CEC;f24;25;179;2952.6704061900805
56;56.0;56.0;56.0;56.0;56.0;none;CEC;f24;26;180;2908.5375811686827
57;57.0;57.0;57.0;57.0;57.0;none;CEC;f24;27;181;2911.71281340956
58;58.0;58.0;58.0;58.0;58.0;none;CEC;f24;28;182;2981.8518810356945
59;59.0;59.0;59.0;59.0;59.0;none;CEC;f24;29;183;2975.7316905578546
60;60.0;60.0;60.0;60.0;60.0;imdc;CEC;f24;0;184;2988.4807973158204
61;61.0;61.0;61.0;61.0;61.0;imdc;CEC;f24;1;185;2907.9565536031146
62;62.0;62.0;62.0;62.0;62.0;imdc;CEC;f24;2;186;2915.017452396556
63;63.0;63.0;63.0;63.0;63.0;imdc;CEC;f24;3;187;2934.910614126865
64;64.0;64.0;64.0;64.0;64.0;imdc;CEC;f24;4;188;2968.0245428197686
65;65.0;65.0;65.0;65.0;65.0;imdc;CEC;f24;5;189;2938.66935932878
66;66.0;66.0;66.0;66.0;66.0;imdc;CEC;f24;6;190;2944.5903295073167
67;67.0;67.0;67.0;67.0;67.0;imdc;CEC;f24;7;191;2964.947484306578
68;68.0;68.0;68.0;68.0;68.0;imdc;CEC;f24;8;192;2979.3314868580883
69;69.0;69.0;69.0;69.0;69.0;imdc;CEC;f24;9;193;2925.915909739288
70;70.0;70.0;70.0;70.0;70.0;imdc;CEC;f24;10;194;2922.122569289846
71;71.0;71.0;71.0;71.0;71.0;imdc;CEC;f24;11;195;2943.04161884598
72;72.0;72.0;72.0;72.0;72.0;imdc;CEC;f24;12;196;2934.0545899349545
73;73.0;73.0;73.0;73.0;73.0;imdc;CEC;f24;13;197;2963.628630083645
74;74.0;74.0;74.0;74.0;74.0;imdc;CEC;f24;14;198;2929.0183783367893
75;75.0;75.0;75.0;75.0;75.0;imdc;CEC;f24;15;199;2920.5830420018824
76;76.0;76.0;76.0;76.0;76.0;imdc;CEC;f24;16;200;2935.499194930397
77;77.0;77.0;77.0;77.0;77.0;imdc;CEC;f24;17;201;2950.401642196672
78;78.0;78.0;78.0;78.0;78.0;imdc;CEC;f24;18;202;2926.9101289853083
79;79.0;79.0;79.0;79.0;79.0;imdc;CEC;f24;19;203;2947.40732948652
80;80.0;80.0;80.0;80.0;80.0;imdc;CEC;f24;20;204;2898.0135619802813
81;81.0;81.0;81.0;81.0;81.0;imdc;CEC;f24;21;205;2963.1231044295314
82;82.0;82.0;82.0;82.0;82.0;imdc;CEC;f24;22;206;2941.942731583582
83;83.0;83.0;83.0;83.0;83.0;imdc;CEC;f24;23;207;2921.624280794287
84;84.0;84.0;84.0;84.0;84.0;imdc;CEC;f24;24;208;2920.4509311018323
85;85.0;85.0;85.0;85.0;85.0;imdc;CEC;f24;25;209;2963.697746922233
86;86.0;86.0;86.0;86.0;86.0;imdc;CEC;f24;26;210;2917.824474949286
87;87.0;87.0;87.0;87.0;87.0;imdc;CEC;f24;27;211;2942.8793708298763
88;88.0;88.0;88.0;88.0;88.0;imdc;CEC;f24;28;212;2983.190717191482
89;89.0;89.0;89.0;89.0;89.0;imdc;CEC;f24;29;213;2966.09832400089
90;90.0;90.0;90.0;90.0;90.0;icdm;CEC;f24;0;214;3159.0569465062404
91;91.0;91.0;91.0;91.0;91.0;icdm;CEC;f24;1;215;3007.178403292585
92;92.0;92.0;92.0;92.0;92.0;icdm;CEC;f24;2;216;3119.896776021228
93;93.0;93.0;93.0;93.0;93.0;icdm;CEC;f24;3;217;3094.5739170893235
94;94.0;94.0;94.0;94.0;94.0;icdm;CEC;f24;4;218;3038.4795236746727
95;95.0;95.0;95.0;95.0;95.0;icdm;CEC;f24;5;219;3003.7294978361942
96;96.0;96.0;96.0;96.0;96.0;icdm;CEC;f24;6;220;3082.753536849843
97;97.0;97.0;97.0;97.0;97.0;icdm;CEC;f24;7;221;3290.610709471718
98;98.0;98.0;98.0;98.0;98.0;icdm;CEC;f24;8;222;3235.920342797818
99;99.0;99.0;99.0;99.0;99.0;icdm;CEC;f24;9;223;3185.8765523750403
100;100.0;100.0;100.0;100.0;100.0;icdm;CEC;f24;10;224;3133.3680455000385
101;101.0;101.0;101.0;101.0;101.0;icdm;CEC;f24;11;225;3327.42518741641
102;102.0;102.0;102.0;102.0;102.0;icdm;CEC;f24;12;226;3047.651107864485
103;103.0;103.0;103.0;103.0;103.0;icdm;CEC;f24;13;227;3077.213342883921
104;104.0;104.0;104.0;104.0;104.0;icdm;CEC;f24;14;228;3086.65848743202
105;105.0;105.0;105.0;105.0;105.0;icdm;CEC;f24;15;229;3133.2354179566983
106;106.0;106.0;106.0;106.0;106.0;icdm;CEC;f24;16;230;3067.0433731090743
107;107.0;107.0;107.0;107.0;107.0;icdm;CEC;f24;17;231;3293.5960359325254
108;108.0;108.0;108.0;108.0;108.0;icdm;CEC;f24;18;232;3121.698959985107
109;109.0;109.0;109.0;109.0;109.0;icdm;CEC;f24;19;233;3212.556889989482
110;110.0;110.0;110.0;110.0;110.0;icdm;CEC;f24;20;234;3115.0887303371383
111;111.0;111.0;111.0;111.0;111.0;icdm;CEC;f24;21;235;3134.7326185403685
112;112.0;112.0;112.0;112.0;112.0;icdm;CEC;f24;22;236;3024.444433158509
113;113.0;113.0;113.0;113.0;113.0;icdm;CEC;f24;23;237;3090.0101726439007
114;114.0;114.0;114.0;114.0;114.0;icdm;CEC;f24;24;238;3240.8480537543355
115;115.0;115.0;115.0;115.0;115.0;icdm;CEC;f24;25;239;3137.184506009631
116;116.0;116.0;116.0;116.0;116.0;icdm;CEC;f24;26;240;3177.147260384076
117;117.0;117.0;117.0;117.0;117.0;icdm;CEC;f24;27;241;3081.664117089237
118;118.0;118.0;118.0;118.0;118.0;icdm;CEC;f24;28;242;3108.195876850586
119;119.0;119.0;119.0;119.0;119.0;icdm;CEC;f24;29;243;3171.6279619210327
120;120.0;120.0;120.0;120.0;;rl;CEC;f27;0;124;3242.4741133965376
121;121.0;121.0;121.0;121.0;;rl;CEC;f27;1;125;3291.236791987698
122;122.0;122.0;122.0;122.0;;rl;CEC;f27;2;126;3241.5306070814786
123;123.0;123.0;123.0;123.0;;rl;CEC;f27;3;127;3283.2156053830417
124;124.0;124.0;124.0;124.0;;rl;CEC;f27;4;128;3253.54043179067
125;125.0;125.0;125.0;125.0;;rl;CEC;f27;5;129;3259.556635052427
126;126.0;126.0;126.0;126.0;;rl;CEC;f27;6;130;3273.382101980448
127;127.0;127.0;127.0;127.0;;rl;CEC;f27;7;131;3274.05943599475
128;128.0;128.0;128.0;128.0;;rl;CEC;f27;8;132;3275.6042052176454
129;129.0;129.0;129.0;129.0;;rl;CEC;f27;9;133;3265.578852559945
130;130.0;130.0;130.0;130.0;;rl;CEC;f27;10;134;3258.3382584827805
131;131.0;131.0;131.0;131.0;;rl;CEC;f27;11;135;3302.7840993964573
132;132.0;132.0;132.0;132.0;;rl;CEC;f27;12;136;3237.9509914322407
133;133.0;133.0;133.0;133.0;;rl;CEC;f27;13;137;3267.9699833152586
134;134.0;134.0;134.0;134.0;;rl;CEC;f27;14;138;3274.6522764500096
135;135.0;135.0;135.0;135.0;;rl;CEC;f27;15;139;3284.755107353946
136;136.0;136.0;136.0;136.0;;rl;CEC;f27;16;140;3264.536790819092
137;137.0;137.0;137.0;137.0;;rl;CEC;f27;17;141;3262.752090634144
138;138.0;138.0;138.0;138.0;;rl;CEC;f27;18;142;3255.353932583457
139;139.0;139.0;139.0;139.0;;rl;CEC;f27;19;143;3295.2266379052608
140;140.0;140.0;140.0;140.0;;rl;CEC;f27;20;144;3265.37949164397
141;141.0;141.0;141.0;141.0;;rl;CEC;f27;21;145;3271.3990538145927
142;142.0;142.0;142.0;142.0;;rl;CEC;f27;22;146;3252.018797222221
143;143.0;143.0;143.0;143.0;;rl;CEC;f27;23;147;3256.379571518834
144;144.0;144.0;144.0;144.0;;rl;CEC;f27;24;148;3263.696727423717
145;145.0;145.0;145.0;145.0;;rl;CEC;f27;25;149;3256.4729519561333
146;146.0;146.0;146.0;146.0;;rl;CEC;f27;26;150;3292.036099840884
147;147.0;147.0;147.0;147.0;;rl;CEC;f27;27;151;3276.033830101125
148;148.0;148.0;148.0;148.0;;rl;CEC;f27;28;152;3266.264894651481
149;149.0;149.0;149.0;149.0;;rl;CEC;f27;29;153;3252.531998512872
150;150.0;150.0;150.0;150.0;;none;CEC;f27;0;154;3248.561209236765
151;151.0;151.0;151.0;151.0;;none;CEC;f27;1;155;3269.6327220397
152;152.0;152.0;152.0;152.0;;none;CEC;f27;2;156;3246.724148525273
153;153.0;153.0;153.0;153.0;;none;CEC;f27;3;157;3260.645784638515
154;154.0;154.0;154.0;154.0;;none;CEC;f27;4;158;3267.363715255259
155;155.0;155.0;155.0;155.0;;none;CEC;f27;5;159;3258.55167087142
156;156.0;156.0;156.0;156.0;;none;CEC;f27;6;160;3269.759092369736
157;157.0;157.0;157.0;157.0;;none;CEC;f27;7;161;3289.543780301393
158;158.0;158.0;158.0;158.0;;none;CEC;f27;8;162;3240.4721013171948
159;159.0;159.0;159.0;159.0;;none;CEC;f27;9;163;3253.3573445461475
160;160.0;160.0;160.0;160.0;;none;CEC;f27;10;164;3249.368548073993
161;161.0;161.0;161.0;161.0;;none;CEC;f27;11;165;3276.7640833885907
162;162.0;162.0;162.0;162.0;;none;CEC;f27;12;166;3240.908493958321
163;163.0;163.0;163.0;163.0;;none;CEC;f27;13;167;3257.46082465816
164;164.0;164.0;164.0;164.0;;none;CEC;f27;14;168;3265.765789010517
165;165.0;165.0;165.0;165.0;;none;CEC;f27;15;169;3257.704034664658
166;166.0;166.0;166.0;166.0;;none;CEC;f27;16;170;3255.8014616748465
167;167.0;167.0;167.0;167.0;;none;CEC;f27;17;171;3245.510435843111
168;168.0;168.0;168.0;168.0;;none;CEC;f27;18;172;3276.355654752556
169;169.0;169.0;169.0;169.0;;none;CEC;f27;19;173;3267.919287500655
170;170.0;170.0;170.0;170.0;;none;CEC;f27;20;174;3249.9188940453214
171;171.0;171.0;171.0;171.0;;none;CEC;f27;21;175;3273.0013882759463
172;172.0;172.0;172.0;172.0;;none;CEC;f27;22;176;3272.706989184672
173;173.0;173.0;173.0;173.0;;none;CEC;f27;23;177;3274.017347653403
174;174.0;174.0;174.0;174.0;;none;CEC;f27;24;178;3251.399184913492
175;175.0;175.0;175.0;175.0;;none;CEC;f27;25;179;3249.0386736234123
176;176.0;176.0;176.0;176.0;;none;CEC;f27;26;180;3235.490974550657
177;177.0;177.0;177.0;177.0;;none;CEC;f27;27;181;3313.593193810796
178;178.0;178.0;178.0;178.0;;none;CEC;f27;28;182;3251.7393552278413
179;179.0;179.0;179.0;179.0;;none;CEC;f27;29;183;3281.208857283362
180;180.0;180.0;180.0;180.0;;imdc;CEC;f27;0;184;3274.089894581658
181;181.0;181.0;181.0;181.0;;imdc;CEC;f27;1;185;3267.573851986951
182;182.0;182.0;182.0;182.0;;imdc;CEC;f27;2;186;3285.2859679277626
183;183.0;183.0;183.0;183.0;;imdc;CEC;f27;3;187;3278.0730816462647
184;184.0;184.0;184.0;184.0;;imdc;CEC;f27;4;188;3280.096638239678
185;185.0;185.0;185.0;185.0;;imdc;CEC;f27;5;189;3262.8578812009737
186;186.0;186.0;186.0;186.0;;imdc;CEC;f27;6;190;3256.8152542425605
187;187.0;187.0;187.0;187.0;;imdc;CEC;f27;7;191;3269.2192974688537
188;188.0;188.0;188.0;188.0;;imdc;CEC;f27;8;192;3297.46421566901
189;189.0;189.0;189.0;189.0;;imdc;CEC;f27;9;193;3302.212259794209
190;190.0;190.0;190.0;190.0;;imdc;CEC;f27;10;194;3272.0626253794403
191;191.0;191.0;191.0;191.0;;imdc;CEC;f27;11;195;3282.062621179679
192;192.0;192.0;192.0;192.0;;imdc;CEC;f27;12;196;3246.3959565965483
193;193.0;193.0;193.0;193.0;;imdc;CEC;f27;13;197;3276.408107041867
194;194.0;194.0;194.0;194.0;;imdc;CEC;f27;14;198;3262.3369007643087
195;195.0;195.0;195.0;195.0;;imdc;CEC;f27;15;199;3289.6960560670022
196;196.0;196.0;196.0;196.0;;imdc;CEC;f27;16;200;3278.723641125918
197;197.0;197.0;197.0;197.0;;imdc;CEC;f27;17;201;3276.168232345616
198;198.0;198.0;198.0;198.0;;imdc;CEC;f27;18;202;3277.2127983571813
199;199.0;199.0;199.0;199.0;;imdc;CEC;f27;19;203;3255.906550971541
200;200.0;200.0;200.0;200.0;;imdc;CEC;f27;20;204;3292.8384675554994
201;201.0;201.0;201.0;201.0;;imdc;CEC;f27;21;205;3243.2179892209874
202;202.0;202.0;202.0;202.0;;imdc;CEC;f27;22;206;3264.965061819701
203;203.0;203.0;203.0;203.0;;imdc;CEC;f27;23;207;3263.951863748061
204;204.0;204.0;204.0;204.0;;imdc;CEC;f27;24;208;3269.2167876298554
205;205.0;205.0;205.0;205.0;;imdc;CEC;f27;25;209;3251.6544381417966
206;206.0;206.0;206.0;206.0;;imdc;CEC;f27;26;210;3314.042886529643
207;207.0;207.0;207.0;207.0;;imdc;CEC;f27;27;211;3247.026847977916
208;208.0;208.0;208.0;208.0;;imdc;CEC;f27;28;212;3302.5375109405586
209;209.0;209.0;209.0;209.0;;imdc;CEC;f27;29;213;3259.041541541794
210;210.0;210.0;210.0;210.0;;icdm;CEC;f27;0;214;3423.104357332899
211;211.0;211.0;211.0;211.0;;icdm;CEC;f27;1;215;3482.069538256751
212;212.0;212.0;212.0;212.0;;icdm;CEC;f27;2;216;3354.9532982571
213;213.0;213.0;213.0;213.0;;icdm;CEC;f27;3;217;3453.8205365420417
214;214.0;214.0;214.0;214.0;;icdm;CEC;f27;4;218;3424.3738348500865
215;215.0;215.0;215.0;215.0;;icdm;CEC;f27;5;219;3295.872988408248
216;216.0;216.0;216.0;216.0;;icdm;CEC;f27;6;220;3353.882377750937
217;217.0;217.0;217.0;217.0;;icdm;CEC;f27;7;221;3503.1382711277884
218;218.0;218.0;218.0;218.0;;icdm;CEC;f27;8;222;3335.5968739928867
219;219.0;219.0;219.0;219.0;;icdm;CEC;f27;9;223;3365.429563255913
220;220.0;220.0;220.0;220.0;;icdm;CEC;f27;10;224;3414.460373664189
221;221.0;221.0;221.0;221.0;;icdm;CEC;f27;11;225;3551.333354476469
222;222.0;222.0;222.0;222.0;;icdm;CEC;f27;12;226;3473.1492029771903
223;223.0;223.0;223.0;223.0;;icdm;CEC;f27;13;227;3382.484423825802
224;224.0;224.0;224.0;224.0;;icdm;CEC;f27;14;228;3394.48387306359
225;225.0;225.0;225.0;225.0;;icdm;CEC;f27;15;229;3406.6051479775765
226;226.0;226.0;226.0;226.0;;icdm;CEC;f27;16;230;3319.721094499128
227;227.0;227.0;227.0;227.0;;icdm;CEC;f27;17;231;3331.001099753737
228;228.0;228.0;228.0;228.0;;icdm;CEC;f27;18;232;3319.449680247464
229;229.0;229.0;229.0;229.0;;icdm;CEC;f27;19;233;3260.709682772565
230;230.0;230.0;230.0;230.0;;icdm;CEC;f27;20;234;3337.975051296783
231;231.0;231.0;231.0;231.0;;icdm;CEC;f27;21;235;3357.127611292364
232;232.0;232.0;232.0;232.0;;icdm;CEC;f27;22;236;3345.7563737982223
233;233.0;233.0;233.0;233.0;;icdm;CEC;f27;23;237;3336.933772950664
234;234.0;234.0;234.0;234.0;;icdm;CEC;f27;24;238;3501.706806059623
235;235.0;235.0;235.0;235.0;;icdm;CEC;f27;25;239;3344.0027857659243
236;236.0;236.0;236.0;236.0;;icdm;CEC;f27;26;240;3396.6948197608995
237;237.0;237.0;237.0;237.0;;icdm;CEC;f27;27;241;3412.55505310679
238;238.0;238.0;238.0;238.0;;icdm;CEC;f27;28;242;3314.2338541676017
239;239.0;239.0;239.0;239.0;;icdm;CEC;f27;29;243;3273.107996462169
240;240.0;240.0;240.0;;;rl;CEC;f9;0;124;1678.3992886763697
241;241.0;241.0;241.0;;;rl;CEC;f9;1;125;1627.0125907598888
242;242.0;242.0;242.0;;;rl;CEC;f9;2;126;1763.1254542932752
243;243.0;243.0;243.0;;;rl;CEC;f9;3;127;1335.3786429162446
244;244.0;244.0;244.0;;;rl;CEC;f9;4;128;1895.987882275032
245;245.0;245.0;245.0;;;rl;CEC;f9;5;129;1102.7829221367342
246;246.0;246.0;246.0;;;rl;CEC;f9;6;130;1311.2513395726062
247;247.0;247.0;247.0;;;rl;CEC;f9;7;131;1582.998168535784
248;248.0;248.0;248.0;;;rl;CEC;f9;8;132;1705.874342299076
249;249.0;249.0;249.0;;;rl;CEC;f9;9;133;1131.0476768697915
250;250.0;250.0;250.0;;;rl;CEC;f9;10;134;1600.5056285944156
251;251.0;251.0;251.0;;;rl;CEC;f9;11;135;1724.0968851599496
252;252.0;252.0;252.0;;;rl;CEC;f9;12;136;1363.2149292304896
253;253.0;253.0;253.0;;;rl;CEC;f9;13;137;1681.0195782809767
254;254.0;254.0;254.0;;;rl;CEC;f9;14;138;1253.6016186933002
255;255.0;255.0;255.0;;;rl;CEC;f9;15;139;1665.01728160191
256;256.0;256.0;256.0;;;rl;CEC;f9;16;140;1677.627475452988
257;257.0;257.0;257.0;;;rl;CEC;f9;17;141;1674.573314499057
258;258.0;258.0;258.0;;;rl;CEC;f9;18;142;1251.395620553915
259;259.0;259.0;259.0;;;rl;CEC;f9;19;143;1165.195903737364
260;260.0;260.0;260.0;;;rl;CEC;f9;20;144;1236.3255989178106
261;261.0;261.0;261.0;;;rl;CEC;f9;21;145;2031.2518622658672
262;262.0;262.0;262.0;;;rl;CEC;f9;22;146;1544.5833695473402
263;263.0;263.0;263.0;;;rl;CEC;f9;23;147;1776.9735135238627
264;264.0;264.0;264.0;;;rl;CEC;f9;24;148;1280.610984256424
265;265.0;265.0;265.0;;;rl;CEC;f9;25;149;2029.529687826605
266;266.0;266.0;266.0;;;rl;CEC;f9;26;150;1325.7604864512737
267;267.0;267.0;267.0;;;rl;CEC;f9;27;151;1581.0326037486268
268;268.0;268.0;268.0;;;rl;CEC;f9;28;152;1947.019609761576
269;269.0;269.0;269.0;;;rl;CEC;f9;29;153;1750.0886754607543
270;270.0;270.0;270.0;;;none;CEC;f9;0;154;1268.8237506778796
271;271.0;271.0;271.0;;;none;CEC;f9;1;155;1370.6851183031113
272;272.0;272.0;272.0;;;none;CEC;f9;2;156;1383.5129366581004
273;273.0;273.0;273.0;;;none;CEC;f9;3;157;2453.765642244813
274;274.0;274.0;274.0;;;none;CEC;f9;4;158;1378.9653217129564
275;275.0;275.0;275.0;;;none;CEC;f9;5;159;2054.3054239375824
276;276.0;276.0;276.0;;;none;CEC;f9;6;160;1295.4182970228526
277;277.0;277.0;277.0;;;none;CEC;f9;7;161;1769.2848207218003
278;278.0;278.0;278.0;;;none;CEC;f9;8;162;1735.8456842310163
279;279.0;279.0;279.0;;;none;CEC;f9;9;163;1905.45151221232
280;280.0;280.0;280.0;;;none;CEC;f9;10;164;1350.3810337999853
281;281.0;281.0;281.0;;;none;CEC;f9;11;165;1062.8359244300827
282;282.0;282.0;282.0;;;none;CEC;f9;12;166;1458.585062874096
283;283.0;283.0;283.0;;;none;CEC;f9;13;167;2320.564792720696
284;284.0;284.0;284.0;;;none;CEC;f9;14;168;2066.2120251167885
285;285.0;285.0;285.0;;;none;CEC;f9;15;169;1073.878611618681
286;286.0;286.0;286.0;;;none;CEC;f9;16;170;1552.591771103996
287;287.0;287.0;287.0;;;none;CEC;f9;17;171;1581.7217785729235
288;288.0;288.0;288.0;;;none;CEC;f9;18;172;1101.126958935905
289;289.0;289.0;289.0;;;none;CEC;f9;19;173;1555.6227164480845
290;290.0;290.0;290.0;;;none;CEC;f9;20;174;1185.0154033725732
291;291.0;291.0;291.0;;;none;CEC;f9;21;175;1926.011703909488
292;292.0;292.0;292.0;;;none;CEC;f9;22;176;1138.8970006642985
293;293.0;293.0;293.0;;;none;CEC;f9;23;177;1827.960110839884
294;294.0;294.0;294.0;;;none;CEC;f9;24;178;1236.7290541897332
295;295.0;295.0;295.0;;;none;CEC;f9;25;179;1096.1115138080258
296;296.0;296.0;296.0;;;none;CEC;f9;26;180;1384.1716681480757
297;297.0;297.0;297.0;;;none;CEC;f9;27;181;1705.687128004577
298;298.0;298.0;298.0;;;none;CEC;f9;28;182;1429.5136410197474
299;299.0;299.0;299.0;;;none;CEC;f9;29;183;1327.6980053460588
300;300.0;300.0;300.0;;;imdc;CEC;f9;0;184;1233.6539135686633
301;301.0;301.0;301.0;;;imdc;CEC;f9;1;185;1527.031555612953
302;302.0;302.0;302.0;;;imdc;CEC;f9;2;186;2167.0222449589505
303;303.0;303.0;303.0;;;imdc;CEC;f9;3;187;1303.0611110534692
304;304.0;304.0;304.0;;;imdc;CEC;f9;4;188;1112.0625386880754
305;305.0;305.0;305.0;;;imdc;CEC;f9;5;189;1336.3997308272244
306;306.0;306.0;306.0;;;imdc;CEC;f9;6;190;1535.4140718363392
307;307.0;307.0;307.0;;;imdc;CEC;f9;7;191;1138.1401672459874
308;308.0;308.0;308.0;;;imdc;CEC;f9;8;192;1601.0109516082289
309;309.0;309.0;309.0;;;imdc;CEC;f9;9;193;1512.2506296859174
310;310.0;310.0;310.0;;;imdc;CEC;f9;10;194;1591.3718560803782
311;311.0;311.0;311.0;;;imdc;CEC;f9;11;195;1689.605089750248
312;312.0;312.0;312.0;;;imdc;CEC;f9;12;196;1376.1086207707312
313;313.0;313.0;313.0;;;imdc;CEC;f9;13;197;1792.145866265525
314;314.0;314.0;314.0;;;imdc;CEC;f9;14;198;1140.0122719197582
315;315.0;315.0;315.0;;;imdc;CEC;f9;15;199;1807.680202613079
316;316.0;316.0;316.0;;;imdc;CEC;f9;16;200;1604.1893260165975
317;317.0;317.0;317.0;;;imdc;CEC;f9;17;201;1831.9923812732327
318;318.0;318.0;318.0;;;imdc;CEC;f9;18;202;1408.3606491362184
319;319.0;319.0;319.0;;;imdc;CEC;f9;19;203;1355.987461775249
320;320.0;320.0;320.0;;;imdc;CEC;f9;20;204;1103.5902316839552
321;321.0;321.0;321.0;;;imdc;CEC;f9;21;205;1539.8390779921158
322;322.0;322.0;322.0;;;imdc;CEC;f9;22;206;1444.8184268885084
323;323.0;323.0;323.0;;;imdc;CEC;f9;23;207;1273.206849999536
324;324.0;324.0;324.0;;;imdc;CEC;f9;24;208;1889.697638524394
325;325.0;325.0;325.0;;;imdc;CEC;f9;25;209;1229.5884804161612
326;326.0;326.0;326.0;;;imdc;CEC;f9;26;210;1374.2229666713768
327;327.0;327.0;327.0;;;imdc;CEC;f9;27;211;1146.5265704790677
328;328.0;328.0;328.0;;;imdc;CEC;f9;28;212;1590.0577083485136
329;329.0;329.0;329.0;;;imdc;CEC;f9;29;213;1411.9115802501371
330;330.0;330.0;330.0;;;icdm;CEC;f9;0;214;5968.07402716992
331;331.0;331.0;331.0;;;icdm;CEC;f9;1;215;4153.996252518427
332;332.0;332.0;332.0;;;icdm;CEC;f9;2;216;9185.210808799176
333;333.0;333.0;333.0;;;icdm;CEC;f9;3;217;8329.638167349414
334;334.0;334.0;334.0;;;icdm;CEC;f9;4;218;5605.1225786304185
335;335.0;335.0;335.0;;;icdm;CEC;f9;5;219;5984.424919671679
336;336.0;336.0;336.0;;;icdm;CEC;f9;6;220;7978.465758741242
337;337.0;337.0;337.0;;;icdm;CEC;f9;7;221;11920.841047919736
338;338.0;338.0;338.0;;;icdm;CEC;f9;8;222;9154.181224672277
339;339.0;339.0;339.0;;;icdm;CEC;f9;9;223;4913.269761071575
340;340.0;340.0;340.0;;;icdm;CEC;f9;10;224;4646.853768948407
341;341.0;341.0;341.0;;;icdm;CEC;f9;11;225;7353.50266596553
342;342.0;342.0;342.0;;;icdm;CEC;f9;12;226;3266.564975686748
343;343.0;343.0;343.0;;;icdm;CEC;f9;13;227;3965.037817079468
344;344.0;344.0;344.0;;;icdm;CEC;f9;14;228;3334.4821291562566
345;345.0;345.0;345.0;;;icdm;CEC;f9;15;229;7467.24135333256
346;346.0;346.0;346.0;;;icdm;CEC;f9;16;230;7358.826079362198
347;347.0;347.0;347.0;;;icdm;CEC;f9;17;231;7585.391135789186
348;348.0;348.0;348.0;;;icdm;CEC;f9;18;232;7136.8655984556535
349;349.0;349.0;349.0;;;icdm;CEC;f9;19;233;6886.344845193681
350;350.0;350.0;350.0;;;icdm;CEC;f9;20;234;12136.335299774362
351;351.0;351.0;351.0;;;icdm;CEC;f9;21;235;5751.365947001067
352;352.0;352.0;352.0;;;icdm;CEC;f9;22;236;9707.448772497366
353;353.0;353.0;353.0;;;icdm;CEC;f9;23;237;6205.3832309920535
354;354.0;354.0;354.0;;;icdm;CEC;f9;24;238;7991.649052206682
355;355.0;355.0;355.0;;;icdm;CEC;f9;25;239;9723.041648984588
356;356.0;356.0;356.0;;;icdm;CEC;f9;26;240;6441.366317474088
357;357.0;357.0;357.0;;;icdm;CEC;f9;27;241;5308.628464992134
358;358.0;358.0;358.0;;;icdm;CEC;f9;28;242;6999.73862812068
359;359.0;359.0;359.0;;;icdm;CEC;f9;29;243;7714.723999136742
360;360.0;360.0;;;;rl;CEC;f10;0;124;5387.522235416008
361;361.0;361.0;;;;rl;CEC;f10;1;125;6023.861465333237
362;362.0;362.0;;;;rl;CEC;f10;2;126;6333.703176871249
363;363.0;363.0;;;;rl;CEC;f10;3;127;5095.99463138506
364;364.0;364.0;;;;rl;CEC;f10;4;128;5149.752272029729
365;365.0;365.0;;;;rl;CEC;f10;5;129;4666.96563676695
366;366.0;366.0;;;;rl;CEC;f10;6;130;5536.800699125508
367;367.0;367.0;;;;rl;CEC;f10;7;131;4896.736603151696
368;368.0;368.0;;;;rl;CEC;f10;8;132;5306.557590054652
369;369.0;369.0;;;;rl;CEC;f10;9;133;4611.315471257933
370;370.0;370.0;;;;rl;CEC;f10;10;134;4391.720137408362
371;371.0;371.0;;;;rl;CEC;f10;11;135;5582.518754037546
372;372.0;372.0;;;;rl;CEC;f10;12;136;5486.810285023598
373;373.0;373.0;;;;rl;CEC;f10;13;137;6057.51077133141
374;374.0;374.0;;;;rl;CEC;f10;14;138;4848.778776570978
375;375.0;375.0;;;;rl;CEC;f10;15;139;4389.282356303349
376;376.0;376.0;;;;rl;CEC;f10;16;140;5447.053252270626
377;377.0;377.0;;;;rl;CEC;f10;17;141;5390.4757373225375
378;378.0;378.0;;;;rl;CEC;f10;18;142;4532.795763071477
379;379.0;379.0;;;;rl;CEC;f10;19;143;4976.127975302896
380;380.0;380.0;;;;rl;CEC;f10;20;144;5420.638739761929
381;381.0;381.0;;;;rl;CEC;f10;21;145;4975.256006775415
382;382.0;382.0;;;;rl;CEC;f10;22;146;4252.240810863394
383;383.0;383.0;;;;rl;CEC;f10;23;147;4499.606955975809
384;384.0;384.0;;;;rl;CEC;f10;24;148;3945.7689889414905
385;385.0;385.0;;;;rl;CEC;f10;25;149;5210.380845363939
386;386.0;386.0;;;;rl;CEC;f10;26;150;4608.790324154312
387;387.0;387.0;;;;rl;CEC;f10;27;151;4616.030399174566
388;388.0;388.0;;;;rl;CEC;f10;28;152;5346.255927843626
389;389.0;389.0;;;;rl;CEC;f10;29;153;4465.7784943722
390;390.0;390.0;;;;none;CEC;f10;0;154;4663.0722998531
391;391.0;391.0;;;;none;CEC;f10;1;155;5871.207515479296
392;392.0;392.0;;;;none;CEC;f10;2;156;5273.411876981172
393;393.0;393.0;;;;none;CEC;f10;3;157;5253.521168382829
394;394.0;394.0;;;;none;CEC;f10;4;158;5431.7993162366565
395;395.0;395.0;;;;none;CEC;f10;5;159;4793.066454652702
396;396.0;396.0;;;;none;CEC;f10;6;160;5366.844078755663
397;397.0;397.0;;;;none;CEC;f10;7;161;5249.09852182632
398;398.0;398.0;;;;none;CEC;f10;8;162;6420.697084809038
399;399.0;399.0;;;;none;CEC;f10;9;163;5673.722286373481
400;400.0;400.0;;;;none;CEC;f10;10;164;5876.714292998324
401;401.0;401.0;;;;none;CEC;f10;11;165;5228.705222226377
402;402.0;402.0;;;;none;CEC;f10;12;166;5388.66996526677
403;403.0;403.0;;;;none;CEC;f10;13;167;5432.542355546107
404;404.0;404.0;;;;none;CEC;f10;14;168;5989.784711315439
405;405.0;405.0;;;;none;CEC;f10;15;169;5730.745576778925
406;406.0;406.0;;;;none;CEC;f10;16;170;5294.961738401929
407;407.0;407.0;;;;none;CEC;f10;17;171;4516.676524185947
408;408.0;408.0;;;;none;CEC;f10;18;172;5052.342470084608
409;409.0;409.0;;;;none;CEC;f10;19;173;4021.3506648391776
410;410.0;410.0;;;;none;CEC;f10;20;174;5313.478860342089
411;411.0;411.0;;;;none;CEC;f10;21;175;5767.772630585208
412;412.0;412.0;;;;none;CEC;f10;22;176;5461.803978953065
413;413.0;413.0;;;;none;CEC;f10;23;177;4679.045007721328
414;414.0;414.0;;;;none;CEC;f10;24;178;4472.399105607972
415;415.0;415.0;;;;none;CEC;f10;25;179;4571.82166667554
416;416.0;416.0;;;;none;CEC;f10;26;180;4720.578667492502
417;417.0;417.0;;;;none;CEC;f10;27;181;5444.342417818165
418;418.0;418.0;;;;none;CEC;f10;28;182;5043.340683673816
419;419.0;419.0;;;;none;CEC;f10;29;183;4281.528675254209
420;420.0;420.0;;;;imdc;CEC;f10;0;184;4290.589702174482
421;421.0;421.0;;;;imdc;CEC;f10;1;185;4781.528527879284
422;422.0;422.0;;;;imdc;CEC;f10;2;186;5117.451442453423
423;423.0;423.0;;;;imdc;CEC;f10;3;187;6117.605923069004
424;424.0;424.0;;;;imdc;CEC;f10;4;188;6093.474952770102
425;425.0;425.0;;;;imdc;CEC;f10;5;189;5979.1833693370245
426;426.0;426.0;;;;imdc;CEC;f10;6;190;6445.277072882826
427;427.0;427.0;;;;imdc;CEC;f10;7;191;5161.785797379798
428;428.0;428.0;;;;imdc;CEC;f10;8;192;4136.4681377053785
429;429.0;429.0;;;;imdc;CEC;f10;9;193;4565.530233150705
430;430.0;430.0;;;;imdc;CEC;f10;10;194;4437.408082206806
431;431.0;431.0;;;;imdc;CEC;f10;11;195;6249.403944736097
432;432.0;432.0;;;;imdc;CEC;f10;12;196;5643.503568124903
433;433.0;433.0;;;;imdc;CEC;f10;13;197;4448.034674633584
434;434.0;434.0;;;;imdc;CEC;f10;14;198;5333.748531091387
435;435.0;435.0;;;;imdc;CEC;f10;15;199;6076.877810815719
436;436.0;436.0;;;;imdc;CEC;f10;16;200;4201.047578557966
437;437.0;437.0;;;;imdc;CEC;f10;17;201;5745.673312216908
438;438.0;438.0;;;;imdc;CEC;f10;18;202;5322.382178983451
439;439.0;439.0;;;;imdc;CEC;f10;19;203;4684.695436445954
440;440.0;440.0;;;;imdc;CEC;f10;20;204;5422.54970176341
441;441.0;441.0;;;;imdc;CEC;f10;21;205;5269.321784837957
442;442.0;442.0;;;;imdc;CEC;f10;22;206;5765.332574794458
443;443.0;443.0;;;;imdc;CEC;f10;23;207;4086.0278565483695
444;444.0;444.0;;;;imdc;CEC;f10;24;208;5095.369495721056
445;445.0;445.0;;;;imdc;CEC;f10;25;209;5462.9121914835805
446;446.0;446.0;;;;imdc;CEC;f10;26;210;5956.04689604741
447;447.0;447.0;;;;imdc;CEC;f10;27;211;5544.817120573608
448;448.0;448.0;;;;imdc;CEC;f10;28;212;5082.774559689093
449;449.0;449.0;;;;imdc;CEC;f10;29;213;5504.881836721284
450;450.0;450.0;;;;icdm;CEC;f10;0;214;5113.478062809756
451;451.0;451.0;;;;icdm;CEC;f10;1;215;5338.678499933178
452;452.0;452.0;;;;icdm;CEC;f10;2;216;5526.583712139414
453;453.0;453.0;;;;icdm;CEC;f10;3;217;4907.064904567693
454;454.0;454.0;;;;icdm;CEC;f10;4;218;4630.760699403607
455;455.0;455.0;;;;icdm;CEC;f10;5;219;6606.560444490505
456;456.0;456.0;;;;icdm;CEC;f10;6;220;5488.234280823993
457;457.0;457.0;;;;icdm;CEC;f10;7;221;4637.442366980249
458;458.0;458.0;;;;icdm;CEC;f10;8;222;5616.417373893774
459;459.0;459.0;;;;icdm;CEC;f10;9;223;4891.531007158857
460;460.0;460.0;;;;icdm;CEC;f10;10;224;4123.502634014649
461;461.0;461.0;;;;icdm;CEC;f10;11;225;4795.420802454053
462;462.0;462.0;;;;icdm;CEC;f10;12;226;5257.810087826303
463;463.0;463.0;;;;icdm;CEC;f10;13;227;6033.213413943474
464;464.0;464.0;;;;icdm;CEC;f10;14;228;4660.935779363859
465;465.0;465.0;;;;icdm;CEC;f10;15;229;4738.227210947194
466;466.0;466.0;;;;icdm;CEC;f10;16;230;4718.251350379873
467;467.0;467.0;;;;icdm;CEC;f10;17;231;5134.315218806425
468;468.0;468.0;;;;icdm;CEC;f10;18;232;5166.100197123134
469;469.0;469.0;;;;icdm;CEC;f10;19;233;5027.794146690254
470;470.0;470.0;;;;icdm;CEC;f10;20;234;6166.725405958303
471;471.0;471.0;;;;icdm;CEC;f10;21;235;5487.04292373047
472;472.0;472.0;;;;icdm;CEC;f10;22;236;5374.3060084779845
473;473.0;473.0;;;;icdm;CEC;f10;23;237;5547.182107252258
474;474.0;474.0;;;;icdm;CEC;f10;24;238;5502.79385238479
475;475.0;475.0;;;;icdm;CEC;f10;25;239;4236.915930300167
476;476.0;476.0;;;;icdm;CEC;f10;26;240;4874.547919003482
477;477.0;477.0;;;;icdm;CEC;f10;27;241;5661.710850566736
478;478.0;478.0;;;;icdm;CEC;f10;28;242;6254.621452731465
479;479.0;479.0;;;;icdm;CEC;f10;29;243;5070.028244575335
480;480.0;;;;;rl;CEC;f5;0;124;591.4953248864581
481;481.0;;;;;rl;CEC;f5;1;125;615.9176573456468
482;482.0;;;;;rl;CEC;f5;2;126;591.7117522089496
483;483.0;;;;;rl;CEC;f5;3;127;599.9163909288108
484;484.0;;;;;rl;CEC;f5;4;128;633.577062004719
485;485.0;;;;;rl;CEC;f5;5;129;603.8228117365181
486;486.0;;;;;rl;CEC;f5;6;130;598.9884690293617
487;487.0;;;;;rl;CEC;f5;7;131;573.5658357940468
488;488.0;;;;;rl;CEC;f5;8;132;564.8788478299048
489;489.0;;;;;rl;CEC;f5;9;133;626.7818663926932
490;490.0;;;;;rl;CEC;f5;10;134;578.4991017857342
491;491.0;;;;;rl;CEC;f5;11;135;611.5543241144123
492;492.0;;;;;rl;CEC;f5;12;136;601.7256494104755
493;493.0;;;;;rl;CEC;f5;13;137;590.4733333678845
494;494.0;;;;;rl;CEC;f5;14;138;598.0714247760104
495;495.0;;;;;rl;CEC;f5;15;139;598.0690208679258
496;496.0;;;;;rl;CEC;f5;16;140;586.1655743492862
497;497.0;;;;;rl;CEC;f5;17;141;589.0902378310146
498;498.0;;;;;rl;CEC;f5;18;142;569.8910921097411
499;499.0;;;;;rl;CEC;f5;19;143;580.8111057039391
500;500.0;;;;;rl;CEC;f5;20;144;603.2267821639477
501;501.0;;;;;rl;CEC;f5;21;145;609.6602579755385
502;502.0;;;;;rl;CEC;f5;22;146;595.7575275726091
503;503.0;;;;;rl;CEC;f5;23;147;601.5485438276127
504;504.0;;;;;rl;CEC;f5;24;148;575.3245688264881
505;505.0;;;;;rl;CEC;f5;25;149;592.5554137284113
506;506.0;;;;;rl;CEC;f5;26;150;589.0203781026815
507;507.0;;;;;rl;CEC;f5;27;151;583.9054696717106
508;508.0;;;;;rl;CEC;f5;28;152;610.7891514350086
509;509.0;;;;;rl;CEC;f5;29;153;603.2796463486002
510;510.0;;;;;none;CEC;f5;0;154;605.0993015433776
511;511.0;;;;;none;CEC;f5;1;155;599.0046594574336
512;512.0;;;;;none;CEC;f5;2;156;599.0853384364755
513;513.0;;;;;none;CEC;f5;3;157;601.3586794735588
514;514.0;;;;;none;CEC;f5;4;158;598.7654196451838
515;515.0;;;;;none;CEC;f5;5;159;614.9180422049675
516;516.0;;;;;none;CEC;f5;6;160;569.7837805353261
517;517.0;;;;;none;CEC;f5;7;161;644.9427009974916
518;518.0;;;;;none;CEC;f5;8;162;589.2253810371637
519;519.0;;;;;none;CEC;f5;9;163;589.334334570607
520;520.0;;;;;none;CEC;f5;10;164;579.0611793378727
521;521.0;;;;;none;CEC;f5;11;165;599.437777284274
522;522.0;;;;;none;CEC;f5;12;166;592.0212918087983
523;523.0;;;;;none;CEC;f5;13;167;553.2896765337985
524;524.0;;;;;none;CEC;f5;14;168;582.1176502258401
525;525.0;;;;;none;CEC;f5;15;169;607.7617172833814
526;526.0;;;;;none;CEC;f5;16;170;589.8570073864058
527;527.0;;;;;none;CEC;f5;17;171;616.5744672968822
528;528.0;;;;;none;CEC;f5;18;172;617.0134108468992
529;529.0;;;;;none;CEC;f5;19;173;585.4291935712033
530;530.0;;;;;none;CEC;f5;20;174;589.1033824754402
531;531.0;;;;;none;CEC;f5;21;175;572.9367845148549
532;532.0;;;;;none;CEC;f5;22;176;594.527355520397
533;533.0;;;;;none;CEC;f5;23;177;627.638155959689
534;534.0;;;;;none;CEC;f5;24;178;601.4237665438307
535;535.0;;;;;none;CEC;f5;25;179;612.9966898822296
536;536.0;;;;;none;CEC;f5;26;180;616.3396768775609
537;537.0;;;;;none;CEC;f5;27;181;607.3648396209951
538;538.0;;;;;none;CEC;f5;28;182;601.7520613984037
539;539.0;;;;;none;CEC;f5;29;183;584.6270214536031
540;540.0;;;;;imdc;CEC;f5;0;184;615.5746196883476
541;541.0;;;;;imdc;CEC;f5;1;185;627.9779671290306
542;542.0;;;;;imdc;CEC;f5;2;186;623.564862188622
543;543.0;;;;;imdc;CEC;f5;3;187;625.4383807039058
544;544.0;;;;;imdc;CEC;f5;4;188;607.6782885276945
545;545.0;;;;;imdc;CEC;f5;5;189;623.9392716915038
546;546.0;;;;;imdc;CEC;f5;6;190;595.0128132648588
547;547.0;;;;;imdc;CEC;f5;7;191;625.3919804452921
548;548.0;;;;;imdc;CEC;f5;8;192;594.3237483931287
549;549.0;;;;;imdc;CEC;f5;9;193;589.2551234278421
550;550.0;;;;;imdc;CEC;f5;10;194;627.1265974787735
551;551.0;;;;;imdc;CEC;f5;11;195;631.7542440446535
552;552.0;;;;;imdc;CEC;f5;12;196;622.2173397082852
553;553.0;;;;;imdc;CEC;f5;13;197;588.9757986026284
554;554.0;;;;;imdc;CEC;f5;14;198;593.8254812554874
555;555.0;;;;;imdc;CEC;f5;15;199;628.5513090668779
556;556.0;;;;;imdc;CEC;f5;16;200;588.7163119087681
557;557.0;;;;;imdc;CEC;f5;17;201;573.8234245289267
558;558.0;;;;;imdc;CEC;f5;18;202;598.7042380711611
559;559.0;;;;;imdc;CEC;f5;19;203;591.1666117919749
560;560.0;;;;;imdc;CEC;f5;20;204;579.460244308915
561;561.0;;;;;imdc;CEC;f5;21;205;635.5338370820632
562;562.0;;;;;imdc;CEC;f5;22;206;596.0718648003553
563;563.0;;;;;imdc;CEC;f5;23;207;604.3938200585695
564;564.0;;;;;imdc;CEC;f5;24;208;609.8036278444762
565;565.0;;;;;imdc;CEC;f5;25;209;595.6426257603125
566;566.0;;;;;imdc;CEC;f5;26;210;606.5337201120543
567;567.0;;;;;imdc;CEC;f5;27;211;612.6167442323992
568;568.0;;;;;imdc;CEC;f5;28;212;601.9593900382067
569;569.0;;;;;imdc;CEC;f5;29;213;571.488550576079
570;570.0;;;;;icdm;CEC;f5;0;214;724.081946465905
571;571.0;;;;;icdm;CEC;f5;1;215;649.2986107930109
572;572.0;;;;;icdm;CEC;f5;2;216;712.3544374741496
573;573.0;;;;;icdm;CEC;f5;3;217;880.7453070737898
574;574.0;;;;;icdm;CEC;f5;4;218;672.024314834977
575;575.0;;;;;icdm;CEC;f5;5;219;791.199545255036
576;576.0;;;;;icdm;CEC;f5;6;220;730.4617956925687
577;577.0;;;;;icdm;CEC;f5;7;221;762.50647912302
578;578.0;;;;;icdm;CEC;f5;8;222;855.2818905115306
579;579.0;;;;;icdm;CEC;f5;9;223;708.5460648317719
580;580.0;;;;;icdm;CEC;f5;10;224;666.5717618133347
581;581.0;;;;;icdm;CEC;f5;11;225;665.0324486855096
582;582.0;;;;;icdm;CEC;f5;12;226;655.5290635966599
583;583.0;;;;;icdm;CEC;f5;13;227;806.56079852975
584;584.0;;;;;icdm;CEC;f5;14;228;715.9280124465599
585;585.0;;;;;icdm;CEC;f5;15;229;752.2209583559644
586;586.0;;;;;icdm;CEC;f5;16;230;781.8554706445038
587;587.0;;;;;icdm;CEC;f5;17;231;674.9846599559131
588;588.0;;;;;icdm;CEC;f5;18;232;679.0961787828211
589;589.0;;;;;icdm;CEC;f5;19;233;677.061086605555
590;590.0;;;;;icdm;CEC;f5;20;234;784.6029579905446
591;591.0;;;;;icdm;CEC;f5;21;235;800.6234934501563
592;592.0;;;;;icdm;CEC;f5;22;236;654.4077174231264
593;593.0;;;;;icdm;CEC;f5;23;237;674.6529642134658
594;594.0;;;;;icdm;CEC;f5;24;238;612.6203306977447
595;595.0;;;;;icdm;CEC;f5;25;239;700.4507337425957
596;596.0;;;;;icdm;CEC;f5;26;240;725.503329927428
597;597.0;;;;;icdm;CEC;f5;27;241;754.9982996238431
598;598.0;;;;;icdm;CEC;f5;28;242;631.0778954370705
599;599.0;;;;;icdm;CEC;f5;29;243;683.9902865084106
600;;;;;;rl;CEC;f7;0;124;868.6246621538185
601;;;;;;rl;CEC;f7;1;125;859.051628184261
602;;;;;;rl;CEC;f7;2;126;911.5001603155222
603;;;;;;rl;CEC;f7;3;127;916.774924678113
604;;;;;;rl;CEC;f7;4;128;852.5131155255025
605;;;;;;rl;CEC;f7;5;129;912.380753879935
606;;;;;;rl;CEC;f7;6;130;907.4138452097425
607;;;;;;rl;CEC;f7;7;131;853.3304632703704
608;;;;;;rl;CEC;f7;8;132;925.4900494673068
609;;;;;;rl;CEC;f7;9;133;886.4489721668833
610;;;;;;rl;CEC;f7;10;134;828.2997560673567
611;;;;;;rl;CEC;f7;11;135;879.4577902301176
612;;;;;;rl;CEC;f7;12;136;875.7815262467367
613;;;;;;rl;CEC;f7;13;137;837.2011314868846
614;;;;;;rl;CEC;f7;14;138;885.4920047816482
615;;;;;;rl;CEC;f7;15;139;868.8767974412127
616;;;;;;rl;CEC;f7;16;140;867.7050638237085
617;;;;;;rl;CEC;f7;17;141;916.314898727567
618;;;;;;rl;CEC;f7;18;142;871.8295414132091
619;;;;;;rl;CEC;f7;19;143;889.6691704853671
620;;;;;;rl;CEC;f7;20;144;848.0803056311952
621;;;;;;rl;CEC;f7;21;145;890.6565033297707
622;;;;;;rl;CEC;f7;22;146;882.1082129495196
623;;;;;;rl;CEC;f7;23;147;956.1890430593559
624;;;;;;rl;CEC;f7;24;148;905.8471569005824
625;;;;;;rl;CEC;f7;25;149;911.7748793573566
626;;;;;;rl;CEC;f7;26;150;874.626145781848
627;;;;;;rl;CEC;f7;27;151;902.2017581631924
628;;;;;;rl;CEC;f7;28;152;882.6099960833949
629;;;;;;rl;CEC;f7;29;153;929.4623746374789
630;;;;;;none;CEC;f7;0;154;889.3940169710969
631;;;;;;none;CEC;f7;1;155;911.6764634105576
632;;;;;;none;CEC;f7;2;156;902.6616502787505
633;;;;;;none;CEC;f7;3;157;872.8259138772996
634;;;;;;none;CEC;f7;4;158;928.5651571807551
635;;;;;;none;CEC;f7;5;159;997.2779402125356
636;;;;;;none;CEC;f7;6;160;975.777694245958
637;;;;;;none;CEC;f7;7;161;933.6786883205978
638;;;;;;none;CEC;f7;8;162;962.1365609897884
639;;;;;;none;CEC;f7;9;163;896.527005806505
640;;;;;;none;CEC;f7;10;164;892.6004514482559
641;;;;;;none;CEC;f7;11;165;916.4067137787395
642;;;;;;none;CEC;f7;12;166;886.4832330258196
643;;;;;;none;CEC;f7;13;167;905.4419278626905
644;;;;;;none;CEC;f7;14;168;922.6470228262498
645;;;;;;none;CEC;f7;15;169;909.1144648219222
646;;;;;;none;CEC;f7;16;170;912.9397417025642
647;;;;;;none;CEC;f7;17;171;948.003932795783
648;;;;;;none;CEC;f7;18;172;883.5047272180562
649;;;;;;none;CEC;f7;19;173;939.5976328369757
650;;;;;;none;CEC;f7;20;174;918.1667086929017
651;;;;;;none;CEC;f7;21;175;923.2113302863675
652;;;;;;none;CEC;f7;22;176;899.2017655792636
653;;;;;;none;CEC;f7;23;177;890.4382862023461
654;;;;;;none;CEC;f7;24;178;943.2897357525858
655;;;;;;none;CEC;f7;25;179;943.76824674503
656;;;;;;none;CEC;f7;26;180;865.2604234079315
657;;;;;;none;CEC;f7;27;181;874.7249842151286
658;;;;;;none;CEC;f7;28;182;931.1045474358492
659;;;;;;none;CEC;f7;29;183;903.1120310752874
660;;;;;;imdc;CEC;f7;0;184;909.7011137606207
661;;;;;;imdc;CEC;f7;1;185;866.1072057087249
662;;;;;;imdc;CEC;f7;2;186;921.6176207531057
663;;;;;;imdc;CEC;f7;3;187;891.8066401555254
664;;;;;;imdc;CEC;f7;4;188;886.0700802106214
665;;;;;;imdc;CEC;f7;5;189;895.2612212111239
666;;;;;;imdc;CEC;f7;6;190;920.0889042589839
667;;;;;;imdc;CEC;f7;7;191;935.0456916179825
668;;;;;;imdc;CEC;f7;8;192;913.2997203713987
669;;;;;;imdc;CEC;f7;9;193;895.6693839402469
670;;;;;;imdc;CEC;f7;10;194;909.7526340128061
671;;;;;;imdc;CEC;f7;11;195;984.2187049192773
672;;;;;;imdc;CEC;f7;12;196;919.3497401366062
673;;;;;;imdc;CEC;f7;13;197;906.0921220701506
674;;;;;;imdc;CEC;f7;14;198;940.253684340375
675;;;;;;imdc;CEC;f7;15;199;926.4495848445333
676;;;;;;imdc;CEC;f7;16;200;920.6973882239724
677;;;;;;imdc;CEC;f7;17;201;934.7318390656953
678;;;;;;imdc;CEC;f7;18;202;903.5664098272945
679;;;;;;imdc;CEC;f7;19;203;961.6033947943155
680;;;;;;imdc;CEC;f7;20;204;895.9396901057419
681;;;;;;imdc;CEC;f7;21;205;875.4837449208438
682;;;;;;imdc;CEC;f7;22;206;862.9908048665117
683;;;;;;imdc;CEC;f7;23;207;906.9366385921851
684;;;;;;imdc;CEC;f7;24;208;925.6058305038052
685;;;;;;imdc;CEC;f7;25;209;932.1132698645238
686;;;;;;imdc;CEC;f7;26;210;850.0310240605877
687;;;;;;imdc;CEC;f7;27;211;946.9875655632663
688;;;;;;imdc;CEC;f7;28;212;949.039183243184
689;;;;;;imdc;CEC;f7;29;213;892.4860471219523
690;;;;;;icdm;CEC;f7;0;214;1045.9133565743223
691;;;;;;icdm;CEC;f7;1;215;1144.5119231044494
692;;;;;;icdm;CEC;f7;2;216;1064.365271373315
693;;;;;;icdm;CEC;f7;3;217;1010.9847016472712
694;;;;;;icdm;CEC;f7;4;218;1030.6530767552508
695;;;;;;icdm;CEC;f7;5;219;1110.8411167022198
696;;;;;;icdm;CEC;f7;6;220;1018.4793140860382
697;;;;;;icdm;CEC;f7;7;221;1185.3867308007489
698;;;;;;icdm;CEC;f7;8;222;1096.6636863769013
699;;;;;;icdm;CEC;f7;9;223;1150.481809342237
700;;;;;;icdm;CEC;f7;10;224;1065.106542689758
701;;;;;;icdm;CEC;f7;11;225;953.6689547105766
702;;;;;;icdm;CEC;f7;12;226;997.1942119221395
703;;;;;;icdm;CEC;f7;13;227;949.3401664644934
704;;;;;;icdm;CEC;f7;14;228;999.6810317072776
705;;;;;;icdm;CEC;f7;15;229;989.837826024936
706;;;;;;icdm;CEC;f7;16;230;1129.7745078938528
707;;;;;;icdm;CEC;f7;17;231;991.2783174290499
708;;;;;;icdm;CEC;f7;18;232;985.7802161749739
709;;;;;;icdm;CEC;f7;19;233;1100.7758718912648
710;;;;;;icdm;CEC;f7;20;234;995.259498535439
711;;;;;;icdm;CEC;f7;21;235;1196.7512057477945
712;;;;;;icdm;CEC;f7;22;236;1005.0327452884015
713;;;;;;icdm;CEC;f7;23;237;965.8670189477251
714;;;;;;icdm;CEC;f7;24;238;1095.8822725567493
715;;;;;;icdm;CEC;f7;25;239;1126.8465971074127
716;;;;;;icdm;CEC;f7;26;240;1117.2405408053378
717;;;;;;icdm;CEC;f7;27;241;1016.9903753008906
718;;;;;;icdm;CEC;f7;28;242;1135.468428645142
719;;;;;;icdm;CEC;f7;29;243;1078.3733377787462
